{"initial_reset_timestamp": 1608429754.305135, "timestamps": [1608429758.97715], "episode_lengths": [1645], "episode_rewards": [21.0], "episode_types": ["t"]}