{"initial_reset_timestamp": 1608627582.2654421, "timestamps": [1608627588.068838], "episode_lengths": [1645], "episode_rewards": [21.0], "episode_types": ["t"]}