{"initial_reset_timestamp": 1608434055.2721012, "timestamps": [1608434060.6780548], "episode_lengths": [1648], "episode_rewards": [21.0], "episode_types": ["t"]}