{"initial_reset_timestamp": 1608394032.872309, "timestamps": [1608394044.3020532], "episode_lengths": [3550], "episode_rewards": [7.0], "episode_types": ["t"]}